{"cameraMode":{"drawMode":0,"name":"Shaded","section":"Shading Mode"},"sceneLighting":true,"audioPlay":false,"sceneViewState":{"showFog":true,"showMaterialUpdate":false,"showSkybox":true,"showFlares":true,"showImageEffects":true,"showParticleSystems":true},"in2DMode":false,"pivot":{"x":-2.016295909881592,"y":0.43427467346191409,"z":2.4859066009521486},"rotation":{"x":-0.5636265277862549,"y":0.009166051633656025,"z":-0.006254568696022034,"w":-0.825958788394928},"size":30.648956298828126,"orthographic":false}