{"cameraMode":{"drawMode":0,"name":"Shaded","section":"Shading Mode"},"sceneLighting":true,"audioPlay":false,"sceneViewState":{"showFog":true,"showMaterialUpdate":false,"showSkybox":true,"showFlares":true,"showImageEffects":true,"showParticleSystems":true},"in2DMode":false,"pivot":{"x":6.366701602935791,"y":-12.06898307800293,"z":10.402800559997559},"rotation":{"x":-0.4283924400806427,"y":-0.018432779237627984,"z":0.008742807433009148,"w":-0.9033689498901367},"size":37.01634979248047,"orthographic":false}