{"cameraMode":{"drawMode":0,"name":"Shaded","section":"Shading Mode"},"sceneLighting":true,"audioPlay":false,"sceneViewState":{"showFog":true,"showMaterialUpdate":false,"showSkybox":true,"showFlares":true,"showImageEffects":true,"showParticleSystems":true},"in2DMode":false,"pivot":{"x":6.003187656402588,"y":-7.440471649169922,"z":12.59785270690918},"rotation":{"x":-0.31813788414001467,"y":-0.23632241785526277,"z":0.08221931755542755,"w":-0.9144349098205566},"size":29.048603057861329,"orthographic":false}