{"cameraMode":{"drawMode":0,"name":"Shaded","section":"Shading Mode"},"sceneLighting":true,"audioPlay":false,"sceneViewState":{"showFog":true,"showMaterialUpdate":false,"showSkybox":true,"showFlares":true,"showImageEffects":true,"showParticleSystems":true},"in2DMode":false,"pivot":{"x":-0.011513441801071167,"y":-1.000967025756836,"z":-1.018904685974121},"rotation":{"x":0.0013375270646065474,"y":0.9895628690719605,"z":-0.14380301535129548,"w":0.009204166941344738},"size":10.0,"orthographic":false}