{"cameraMode":{"drawMode":0,"name":"Shaded","section":"Shading Mode"},"sceneLighting":true,"audioPlay":false,"sceneViewState":{"showFog":true,"showMaterialUpdate":false,"showSkybox":true,"showFlares":true,"showImageEffects":true,"showParticleSystems":true},"in2DMode":false,"pivot":{"x":-2.1308133602142336,"y":0.290622740983963,"z":2.925879955291748},"rotation":{"x":0.1012769490480423,"y":-0.6022278070449829,"z":0.07739262282848358,"w":0.788087010383606},"size":55.0770378112793,"orthographic":false}