{"cameraMode":{"drawMode":0,"name":"Shaded","section":"Shading Mode"},"sceneLighting":false,"audioPlay":false,"sceneViewState":{"showFog":true,"showMaterialUpdate":false,"showSkybox":false,"showFlares":true,"showImageEffects":true,"showParticleSystems":true},"in2DMode":false,"pivot":{"x":10.97385311126709,"y":5.789999961853027,"z":-20.74005699157715},"rotation":{"x":-0.6981411576271057,"y":-0.0038680806756019594,"z":0.0037722494453191759,"w":-0.7159437537193298},"size":1.9957799911499024,"orthographic":false}