{"cameraMode":{"drawMode":0,"name":"Shaded","section":"Shading Mode"},"sceneLighting":false,"audioPlay":false,"sceneViewState":{"showFog":true,"showMaterialUpdate":false,"showSkybox":false,"showFlares":true,"showImageEffects":true,"showParticleSystems":true},"in2DMode":false,"pivot":{"x":10.97385311126709,"y":5.789999961853027,"z":-20.74005699157715},"rotation":{"x":0.6778884530067444,"y":-0.004414272494614124,"z":0.004063006490468979,"w":0.7351477742195129},"size":22.0,"orthographic":false}