{"cameraMode":{"drawMode":0,"name":"Shaded","section":"Shading Mode"},"sceneLighting":true,"audioPlay":false,"sceneViewState":{"showFog":true,"showMaterialUpdate":false,"showSkybox":true,"showFlares":true,"showImageEffects":true,"showParticleSystems":true},"in2DMode":false,"pivot":{"x":6.756777763366699,"y":-0.10659027099609375,"z":-10.377874374389649},"rotation":{"x":0.6855598092079163,"y":0.005459941923618317,"z":-0.005141792818903923,"w":0.7279780507087708},"size":33.2179069519043,"orthographic":false}