{"cameraMode":{"drawMode":0,"name":"Shaded","section":"Shading Mode"},"sceneLighting":true,"audioPlay":false,"sceneViewState":{"showFog":true,"showMaterialUpdate":false,"showSkybox":true,"showFlares":true,"showImageEffects":true,"showParticleSystems":true},"in2DMode":false,"pivot":{"x":-1.1672953367233277,"y":-4.241982460021973,"z":4.090202331542969},"rotation":{"x":0.667888343334198,"y":-0.0066984426230192188,"z":0.006010275799781084,"w":0.7442159652709961},"size":18.95148468017578,"orthographic":false}